{
    "root_group": {
        "name": "",
        "path": "",
        "id": "d41d8cd98f00b204e9800998ecf8427e",
        "groups": {},
        "checks": {
                "home 200": {
                    "id": "d5a546618676c7c5737c4af152946908",
                    "passes": 585,
                    "fails": 0,
                    "name": "home 200",
                    "path": "::home 200"
                },
                "product 200": {
                    "path": "::product 200",
                    "id": "f4785261ac3a9b6f0cec42b8cbb7b4f9",
                    "passes": 585,
                    "fails": 0,
                    "name": "product 200"
                },
                "add-to-cart ok": {
                    "name": "add-to-cart ok",
                    "path": "::add-to-cart ok",
                    "id": "9a2795e56fd32cbc083399882654e2e3",
                    "passes": 585,
                    "fails": 0
                },
                "view cart 200": {
                    "name": "view cart 200",
                    "path": "::view cart 200",
                    "id": "b15aeb0eacfc691758de706eb85c7597",
                    "passes": 585,
                    "fails": 0
                }
            }
    },
    "metrics": {
        "http_req_waiting": {
            "avg": 202.1778765811969,
            "min": 2.255,
            "med": 50.996,
            "max": 2239.237,
            "p(90)": 667.701,
            "p(95)": 1102.0474
        },
        "vus": {
            "min": 1,
            "max": 80,
            "value": 2
        },
        "http_req_blocked": {
            "avg": 0.013425982905983076,
            "min": 0,
            "med": 0.004,
            "max": 4.746,
            "p(90)": 0.008,
            "p(95)": 0.015
        },
        "http_req_connecting": {
            "avg": 0.00510153846153846,
            "min": 0,
            "med": 0,
            "max": 0.883,
            "p(90)": 0,
            "p(95)": 0
        },
        "data_sent": {
            "count": 448695,
            "rate": 5387.641525176062
        },
        "http_reqs": {
            "count": 2925,
            "rate": 35.12152232839675
        },
        "http_req_duration": {
            "avg": 204.23733572649536,
            "min": 2.288,
            "med": 54.649,
            "max": 2239.318,
            "p(90)": 668.8260000000001,
            "p(95)": 1103.5259999999998,
            "thresholds": {
                "p(95)<500": true
            }
        },
        "vus_max": {
            "value": 80,
            "min": 80,
            "max": 80
        },
        "iterations": {
            "count": 585,
            "rate": 7.02430446567935
        },
        "http_req_duration{expected_response:true}": {
            "avg": 204.23733572649536,
            "min": 2.288,
            "med": 54.649,
            "max": 2239.318,
            "p(90)": 668.8260000000001,
            "p(95)": 1103.5259999999998
        },
        "data_received": {
            "rate": 366886.17037766275,
            "count": 30555112
        },
        "http_req_tls_handshaking": {
            "avg": 0,
            "min": 0,
            "med": 0,
            "max": 0,
            "p(90)": 0,
            "p(95)": 0
        },
        "http_req_failed": {
            "passes": 0,
            "fails": 2925,
            "thresholds": {
                "rate<0.01": false
            },
            "value": 0
        },
        "http_req_sending": {
            "min": 0.002,
            "med": 0.011,
            "max": 1.368,
            "p(90)": 0.026,
            "p(95)": 0.037,
            "avg": 0.015877948717948908
        },
        "iteration_duration": {
            "avg": 5023.824545152138,
            "min": 4061.427292,
            "med": 4608.723666,
            "max": 7916.294834,
            "p(90)": 6553.543791000001,
            "p(95)": 7072.5053665999985
        },
        "http_req_receiving": {
            "min": 0.006,
            "med": 0.057,
            "max": 112.634,
            "p(90)": 0.7892000000000001,
            "p(95)": 2.113599999999994,
            "avg": 2.0435811965811914
        },
        "checks": {
            "passes": 2340,
            "fails": 0,
            "value": 1
        }
    }
}